[
	{
		"id": 79,
		"name": "Alesis SamplePad Pro",
		"slug": "alesis-samplepad-pro",
		"permalink": "http:\/\/sales.wp\/product\/alesis-samplepad-pro\/",
		"date_created": "2022-09-06T11:16:05",
		"date_created_gmt": "2022-09-06T11:16:05",
		"date_modified": "2022-09-06T11:16:08",
		"date_modified_gmt": "2022-09-06T11:16:08",
		"type": "simple",
		"status": "publish",
		"featured": false,
		"catalog_visibility": "visible",
		"description": "",
		"short_description": "",
		"sku": "",
		"price": "33999",
		"regular_price": "33999",
		"sale_price": "",
		"date_on_sale_from": null,
		"date_on_sale_from_gmt": null,
		"date_on_sale_to": null,
		"date_on_sale_to_gmt": null,
		"on_sale": false,
		"purchasable": true,
		"total_sales": 0,
		"virtual": false,
		"downloadable": false,
		"downloads": [],
		"download_limit": -1,
		"download_expiry": -1,
		"external_url": "",
		"button_text": "",
		"tax_status": "taxable",
		"tax_class": "",
		"manage_stock": false,
		"stock_quantity": null,
		"backorders": "no",
		"backorders_allowed": false,
		"backordered": false,
		"low_stock_amount": null,
		"sold_individually": false,
		"weight": "",
		"dimensions": {
			"length": "",
			"width": "",
			"height": ""
		},
		"shipping_required": true,
		"shipping_taxable": true,
		"shipping_class": "",
		"shipping_class_id": 0,
		"reviews_allowed": true,
		"average_rating": "0.00",
		"rating_count": 0,
		"upsell_ids": [],
		"cross_sell_ids": [],
		"parent_id": 0,
		"purchase_note": "",
		"categories": [
			{
				"id": 19,
				"name": "All",
				"slug": "all"
			},
			{
				"id": 16,
				"name": "Drum",
				"slug": "drum"
			}
		],
		"tags": [],
		"images": [
			{
				"id": 70,
				"date_created": "2022-09-06T11:10:13",
				"date_created_gmt": "2022-09-06T11:10:13",
				"date_modified": "2022-09-06T11:10:13",
				"date_modified_gmt": "2022-09-06T11:10:13",
				"src": "http:\/\/sales.wp\/wp-content\/uploads\/2022\/09\/2-3.webp",
				"name": "2",
				"alt": ""
			}
		],
		"attributes": [],
		"default_attributes": [],
		"variations": [],
		"grouped_products": [],
		"menu_order": 0,
		"price_html": "<span class=\"woocommerce-Price-amount amount\"><bdi><span class=\"woocommerce-Price-currencySymbol\">&#8377;<\/span>33,999.00<\/bdi><\/span>",
		"related_ids": [
			64,
			65,
			54,
			78,
			51
		],
		"meta_data": [],
		"stock_status": "instock",
		"has_options": false,
		"_links": {
			"self": [
				{
					"href": "http:\/\/sales.wp\/wp-json\/wc\/v3\/products\/79"
				}
			],
			"collection": [
				{
					"href": "http:\/\/sales.wp\/wp-json\/wc\/v3\/products"
				}
			]
		}
	},
	{
		"id": 78,
		"name": "Havana HV 522 5Pcs Acoustic Drum Set",
		"slug": "havana-hv-522-5pcs-acoustic-drum-set",
		"permalink": "http:\/\/sales.wp\/product\/havana-hv-522-5pcs-acoustic-drum-set\/",
		"date_created": "2022-09-06T11:15:35",
		"date_created_gmt": "2022-09-06T11:15:35",
		"date_modified": "2022-09-06T11:15:38",
		"date_modified_gmt": "2022-09-06T11:15:38",
		"type": "simple",
		"status": "publish",
		"featured": false,
		"catalog_visibility": "visible",
		"description": "",
		"short_description": "",
		"sku": "",
		"price": "34899",
		"regular_price": "34899",
		"sale_price": "",
		"date_on_sale_from": null,
		"date_on_sale_from_gmt": null,
		"date_on_sale_to": null,
		"date_on_sale_to_gmt": null,
		"on_sale": false,
		"purchasable": true,
		"total_sales": 0,
		"virtual": false,
		"downloadable": false,
		"downloads": [],
		"download_limit": -1,
		"download_expiry": -1,
		"external_url": "",
		"button_text": "",
		"tax_status": "taxable",
		"tax_class": "",
		"manage_stock": false,
		"stock_quantity": null,
		"backorders": "no",
		"backorders_allowed": false,
		"backordered": false,
		"low_stock_amount": null,
		"sold_individually": false,
		"weight": "",
		"dimensions": {
			"length": "",
			"width": "",
			"height": ""
		},
		"shipping_required": true,
		"shipping_taxable": true,
		"shipping_class": "",
		"shipping_class_id": 0,
		"reviews_allowed": true,
		"average_rating": "0.00",
		"rating_count": 0,
		"upsell_ids": [],
		"cross_sell_ids": [],
		"parent_id": 0,
		"purchase_note": "",
		"categories": [
			{
				"id": 19,
				"name": "All",
				"slug": "all"
			},
			{
				"id": 16,
				"name": "Drum",
				"slug": "drum"
			}
		],
		"tags": [],
		"images": [
			{
				"id": 71,
				"date_created": "2022-09-06T11:10:15",
				"date_created_gmt": "2022-09-06T11:10:15",
				"date_modified": "2022-09-06T11:10:15",
				"date_modified_gmt": "2022-09-06T11:10:15",
				"src": "http:\/\/sales.wp\/wp-content\/uploads\/2022\/09\/3-3.webp",
				"name": "3",
				"alt": ""
			}
		],
		"attributes": [],
		"default_attributes": [],
		"variations": [],
		"grouped_products": [],
		"menu_order": 0,
		"price_html": "<span class=\"woocommerce-Price-amount amount\"><bdi><span class=\"woocommerce-Price-currencySymbol\">&#8377;<\/span>34,899.00<\/bdi><\/span>",
		"related_ids": [
			53,
			34,
			68,
			79,
			65
		],
		"meta_data": [],
		"stock_status": "instock",
		"has_options": false,
		"_links": {
			"self": [
				{
					"href": "http:\/\/sales.wp\/wp-json\/wc\/v3\/products\/78"
				}
			],
			"collection": [
				{
					"href": "http:\/\/sales.wp\/wp-json\/wc\/v3\/products"
				}
			]
		}
	},
	{
		"id": 77,
		"name": "Roland TD-1DMK Electronic Drum Mesh Kit",
		"slug": "roland-td-1dmk-electronic-drum-mesh-kit-2",
		"permalink": "http:\/\/sales.wp\/product\/roland-td-1dmk-electronic-drum-mesh-kit-2\/",
		"date_created": "2022-09-06T11:14:52",
		"date_created_gmt": "2022-09-06T11:14:52",
		"date_modified": "2022-09-06T11:14:55",
		"date_modified_gmt": "2022-09-06T11:14:55",
		"type": "simple",
		"status": "publish",
		"featured": false,
		"catalog_visibility": "visible",
		"description": "",
		"short_description": "",
		"sku": "",
		"price": "80500",
		"regular_price": "80500",
		"sale_price": "",
		"date_on_sale_from": null,
		"date_on_sale_from_gmt": null,
		"date_on_sale_to": null,
		"date_on_sale_to_gmt": null,
		"on_sale": false,
		"purchasable": true,
		"total_sales": 0,
		"virtual": false,
		"downloadable": false,
		"downloads": [],
		"download_limit": -1,
		"download_expiry": -1,
		"external_url": "",
		"button_text": "",
		"tax_status": "taxable",
		"tax_class": "",
		"manage_stock": false,
		"stock_quantity": null,
		"backorders": "no",
		"backorders_allowed": false,
		"backordered": false,
		"low_stock_amount": null,
		"sold_individually": false,
		"weight": "",
		"dimensions": {
			"length": "",
			"width": "",
			"height": ""
		},
		"shipping_required": true,
		"shipping_taxable": true,
		"shipping_class": "",
		"shipping_class_id": 0,
		"reviews_allowed": true,
		"average_rating": "0.00",
		"rating_count": 0,
		"upsell_ids": [],
		"cross_sell_ids": [],
		"parent_id": 0,
		"purchase_note": "",
		"categories": [
			{
				"id": 19,
				"name": "All",
				"slug": "all"
			},
			{
				"id": 16,
				"name": "Drum",
				"slug": "drum"
			}
		],
		"tags": [],
		"images": [
			{
				"id": 69,
				"date_created": "2022-09-06T11:10:12",
				"date_created_gmt": "2022-09-06T11:10:12",
				"date_modified": "2022-09-06T11:10:12",
				"date_modified_gmt": "2022-09-06T11:10:12",
				"src": "http:\/\/sales.wp\/wp-content\/uploads\/2022\/09\/1-3.webp",
				"name": "1",
				"alt": ""
			}
		],
		"attributes": [],
		"default_attributes": [],
		"variations": [],
		"grouped_products": [],
		"menu_order": 0,
		"price_html": "<span class=\"woocommerce-Price-amount amount\"><bdi><span class=\"woocommerce-Price-currencySymbol\">&#8377;<\/span>80,500.00<\/bdi><\/span>",
		"related_ids": [
			37,
			79,
			78,
			63,
			54
		],
		"meta_data": [],
		"stock_status": "instock",
		"has_options": false,
		"_links": {
			"self": [
				{
					"href": "http:\/\/sales.wp\/wp-json\/wc\/v3\/products\/77"
				}
			],
			"collection": [
				{
					"href": "http:\/\/sales.wp\/wp-json\/wc\/v3\/products"
				}
			]
		}
	},
	{
		"id": 76,
		"name": "Roland TD-1DMK Electronic Drum Mesh Kit",
		"slug": "roland-td-1dmk-electronic-drum-mesh-kit",
		"permalink": "http:\/\/sales.wp\/product\/roland-td-1dmk-electronic-drum-mesh-kit\/",
		"date_created": "2022-09-06T11:13:52",
		"date_created_gmt": "2022-09-06T11:13:52",
		"date_modified": "2022-09-06T11:13:55",
		"date_modified_gmt": "2022-09-06T11:13:55",
		"type": "simple",
		"status": "publish",
		"featured": false,
		"catalog_visibility": "visible",
		"description": "",
		"short_description": "",
		"sku": "",
		"price": "80599",
		"regular_price": "80599",
		"sale_price": "",
		"date_on_sale_from": null,
		"date_on_sale_from_gmt": null,
		"date_on_sale_to": null,
		"date_on_sale_to_gmt": null,
		"on_sale": false,
		"purchasable": true,
		"total_sales": 0,
		"virtual": false,
		"downloadable": false,
		"downloads": [],
		"download_limit": -1,
		"download_expiry": -1,
		"external_url": "",
		"button_text": "",
		"tax_status": "taxable",
		"tax_class": "",
		"manage_stock": false,
		"stock_quantity": null,
		"backorders": "no",
		"backorders_allowed": false,
		"backordered": false,
		"low_stock_amount": null,
		"sold_individually": false,
		"weight": "",
		"dimensions": {
			"length": "",
			"width": "",
			"height": ""
		},
		"shipping_required": true,
		"shipping_taxable": true,
		"shipping_class": "",
		"shipping_class_id": 0,
		"reviews_allowed": true,
		"average_rating": "0.00",
		"rating_count": 0,
		"upsell_ids": [],
		"cross_sell_ids": [],
		"parent_id": 0,
		"purchase_note": "",
		"categories": [
			{
				"id": 19,
				"name": "All",
				"slug": "all"
			},
			{
				"id": 16,
				"name": "Drum",
				"slug": "drum"
			}
		],
		"tags": [],
		"images": [
			{
				"id": 72,
				"date_created": "2022-09-06T11:10:17",
				"date_created_gmt": "2022-09-06T11:10:17",
				"date_modified": "2022-09-06T11:10:17",
				"date_modified_gmt": "2022-09-06T11:10:17",
				"src": "http:\/\/sales.wp\/wp-content\/uploads\/2022\/09\/4-3.webp",
				"name": "4",
				"alt": ""
			}
		],
		"attributes": [],
		"default_attributes": [],
		"variations": [],
		"grouped_products": [],
		"menu_order": 0,
		"price_html": "<span class=\"woocommerce-Price-amount amount\"><bdi><span class=\"woocommerce-Price-currencySymbol\">&#8377;<\/span>80,599.00<\/bdi><\/span>",
		"related_ids": [
			66,
			56,
			78,
			68,
			64
		],
		"meta_data": [],
		"stock_status": "instock",
		"has_options": false,
		"_links": {
			"self": [
				{
					"href": "http:\/\/sales.wp\/wp-json\/wc\/v3\/products\/76"
				}
			],
			"collection": [
				{
					"href": "http:\/\/sales.wp\/wp-json\/wc\/v3\/products"
				}
			]
		}
	},
	{
		"id": 75,
		"name": "Roland TD-17KVX Electronic Drum Mesh Kit with mdm compact",
		"slug": "roland-td-17kvx-electronic-drum-mesh-kit-with-mdm-compact",
		"permalink": "http:\/\/sales.wp\/product\/roland-td-17kvx-electronic-drum-mesh-kit-with-mdm-compact\/",
		"date_created": "2022-09-06T11:13:07",
		"date_created_gmt": "2022-09-06T11:13:07",
		"date_modified": "2022-09-06T11:13:09",
		"date_modified_gmt": "2022-09-06T11:13:09",
		"type": "simple",
		"status": "publish",
		"featured": false,
		"catalog_visibility": "visible",
		"description": "",
		"short_description": "",
		"sku": "",
		"price": "174990",
		"regular_price": "174990",
		"sale_price": "",
		"date_on_sale_from": null,
		"date_on_sale_from_gmt": null,
		"date_on_sale_to": null,
		"date_on_sale_to_gmt": null,
		"on_sale": false,
		"purchasable": true,
		"total_sales": 0,
		"virtual": false,
		"downloadable": false,
		"downloads": [],
		"download_limit": -1,
		"download_expiry": -1,
		"external_url": "",
		"button_text": "",
		"tax_status": "taxable",
		"tax_class": "",
		"manage_stock": false,
		"stock_quantity": null,
		"backorders": "no",
		"backorders_allowed": false,
		"backordered": false,
		"low_stock_amount": null,
		"sold_individually": false,
		"weight": "",
		"dimensions": {
			"length": "",
			"width": "",
			"height": ""
		},
		"shipping_required": true,
		"shipping_taxable": true,
		"shipping_class": "",
		"shipping_class_id": 0,
		"reviews_allowed": true,
		"average_rating": "0.00",
		"rating_count": 0,
		"upsell_ids": [],
		"cross_sell_ids": [],
		"parent_id": 0,
		"purchase_note": "",
		"categories": [
			{
				"id": 19,
				"name": "All",
				"slug": "all"
			},
			{
				"id": 16,
				"name": "Drum",
				"slug": "drum"
			}
		],
		"tags": [],
		"images": [
			{
				"id": 73,
				"date_created": "2022-09-06T11:10:20",
				"date_created_gmt": "2022-09-06T11:10:20",
				"date_modified": "2022-09-06T11:10:20",
				"date_modified_gmt": "2022-09-06T11:10:20",
				"src": "http:\/\/sales.wp\/wp-content\/uploads\/2022\/09\/5-3.webp",
				"name": "5",
				"alt": ""
			}
		],
		"attributes": [],
		"default_attributes": [],
		"variations": [],
		"grouped_products": [],
		"menu_order": 0,
		"price_html": "<span class=\"woocommerce-Price-amount amount\"><bdi><span class=\"woocommerce-Price-currencySymbol\">&#8377;<\/span>174,990.00<\/bdi><\/span>",
		"related_ids": [
			34,
			68,
			78,
			27,
			52
		],
		"meta_data": [],
		"stock_status": "instock",
		"has_options": false,
		"_links": {
			"self": [
				{
					"href": "http:\/\/sales.wp\/wp-json\/wc\/v3\/products\/75"
				}
			],
			"collection": [
				{
					"href": "http:\/\/sales.wp\/wp-json\/wc\/v3\/products"
				}
			]
		}
	},
	{
		"id": 68,
		"name": "Roland VAD503 V Drums Electronic Drum Kit",
		"slug": "roland-vad503-v-drums-electronic-drum-kit",
		"permalink": "http:\/\/sales.wp\/product\/roland-vad503-v-drums-electronic-drum-kit\/",
		"date_created": "2022-09-06T11:11:56",
		"date_created_gmt": "2022-09-06T11:11:56",
		"date_modified": "2022-09-06T11:11:59",
		"date_modified_gmt": "2022-09-06T11:11:59",
		"type": "simple",
		"status": "publish",
		"featured": false,
		"catalog_visibility": "visible",
		"description": "",
		"short_description": "",
		"sku": "",
		"price": "432265",
		"regular_price": "432265",
		"sale_price": "",
		"date_on_sale_from": null,
		"date_on_sale_from_gmt": null,
		"date_on_sale_to": null,
		"date_on_sale_to_gmt": null,
		"on_sale": false,
		"purchasable": true,
		"total_sales": 0,
		"virtual": false,
		"downloadable": false,
		"downloads": [],
		"download_limit": -1,
		"download_expiry": -1,
		"external_url": "",
		"button_text": "",
		"tax_status": "taxable",
		"tax_class": "",
		"manage_stock": false,
		"stock_quantity": null,
		"backorders": "no",
		"backorders_allowed": false,
		"backordered": false,
		"low_stock_amount": null,
		"sold_individually": false,
		"weight": "",
		"dimensions": {
			"length": "",
			"width": "",
			"height": ""
		},
		"shipping_required": true,
		"shipping_taxable": true,
		"shipping_class": "",
		"shipping_class_id": 0,
		"reviews_allowed": true,
		"average_rating": "0.00",
		"rating_count": 0,
		"upsell_ids": [],
		"cross_sell_ids": [],
		"parent_id": 0,
		"purchase_note": "",
		"categories": [
			{
				"id": 19,
				"name": "All",
				"slug": "all"
			},
			{
				"id": 16,
				"name": "Drum",
				"slug": "drum"
			}
		],
		"tags": [],
		"images": [
			{
				"id": 74,
				"date_created": "2022-09-06T11:10:21",
				"date_created_gmt": "2022-09-06T11:10:21",
				"date_modified": "2022-09-06T11:10:21",
				"date_modified_gmt": "2022-09-06T11:10:21",
				"src": "http:\/\/sales.wp\/wp-content\/uploads\/2022\/09\/6-3.webp",
				"name": "6",
				"alt": ""
			}
		],
		"attributes": [],
		"default_attributes": [],
		"variations": [],
		"grouped_products": [],
		"menu_order": 0,
		"price_html": "<span class=\"woocommerce-Price-amount amount\"><bdi><span class=\"woocommerce-Price-currencySymbol\">&#8377;<\/span>432,265.00<\/bdi><\/span>",
		"related_ids": [
			56,
			38,
			54,
			65,
			75
		],
		"meta_data": [],
		"stock_status": "instock",
		"has_options": false,
		"_links": {
			"self": [
				{
					"href": "http:\/\/sales.wp\/wp-json\/wc\/v3\/products\/68"
				}
			],
			"collection": [
				{
					"href": "http:\/\/sales.wp\/wp-json\/wc\/v3\/products"
				}
			]
		}
	},
	{
		"id": 67,
		"name": "Vault Ikon MK2 49 Key Velocity Sensitive Midi",
		"slug": "vault-ikon-mk2-49-key-velocity-sensitive-midi",
		"permalink": "http:\/\/sales.wp\/product\/vault-ikon-mk2-49-key-velocity-sensitive-midi\/",
		"date_created": "2022-09-06T11:08:35",
		"date_created_gmt": "2022-09-06T11:08:35",
		"date_modified": "2022-09-06T11:08:37",
		"date_modified_gmt": "2022-09-06T11:08:37",
		"type": "simple",
		"status": "publish",
		"featured": false,
		"catalog_visibility": "visible",
		"description": "",
		"short_description": "",
		"sku": "",
		"price": "8499",
		"regular_price": "8499",
		"sale_price": "",
		"date_on_sale_from": null,
		"date_on_sale_from_gmt": null,
		"date_on_sale_to": null,
		"date_on_sale_to_gmt": null,
		"on_sale": false,
		"purchasable": true,
		"total_sales": 0,
		"virtual": false,
		"downloadable": false,
		"downloads": [],
		"download_limit": -1,
		"download_expiry": -1,
		"external_url": "",
		"button_text": "",
		"tax_status": "taxable",
		"tax_class": "",
		"manage_stock": false,
		"stock_quantity": null,
		"backorders": "no",
		"backorders_allowed": false,
		"backordered": false,
		"low_stock_amount": null,
		"sold_individually": false,
		"weight": "",
		"dimensions": {
			"length": "",
			"width": "",
			"height": ""
		},
		"shipping_required": true,
		"shipping_taxable": true,
		"shipping_class": "",
		"shipping_class_id": 0,
		"reviews_allowed": true,
		"average_rating": "0.00",
		"rating_count": 0,
		"upsell_ids": [],
		"cross_sell_ids": [],
		"parent_id": 0,
		"purchase_note": "",
		"categories": [
			{
				"id": 19,
				"name": "All",
				"slug": "all"
			},
			{
				"id": 18,
				"name": "Keyboard",
				"slug": "keyboard"
			}
		],
		"tags": [],
		"images": [
			{
				"id": 57,
				"date_created": "2022-09-06T11:02:38",
				"date_created_gmt": "2022-09-06T11:02:38",
				"date_modified": "2022-09-06T11:02:38",
				"date_modified_gmt": "2022-09-06T11:02:38",
				"src": "http:\/\/sales.wp\/wp-content\/uploads\/2022\/09\/1-2.webp",
				"name": "1",
				"alt": ""
			}
		],
		"attributes": [],
		"default_attributes": [],
		"variations": [],
		"grouped_products": [],
		"menu_order": 0,
		"price_html": "<span class=\"woocommerce-Price-amount amount\"><bdi><span class=\"woocommerce-Price-currencySymbol\">&#8377;<\/span>8,499.00<\/bdi><\/span>",
		"related_ids": [
			44,
			38,
			55,
			63,
			68
		],
		"meta_data": [],
		"stock_status": "instock",
		"has_options": false,
		"_links": {
			"self": [
				{
					"href": "http:\/\/sales.wp\/wp-json\/wc\/v3\/products\/67"
				}
			],
			"collection": [
				{
					"href": "http:\/\/sales.wp\/wp-json\/wc\/v3\/products"
				}
			]
		}
	},
	{
		"id": 66,
		"name": "Akai MPK MINI MK3 Compact Midi Keyboard",
		"slug": "akai-mpk-mini-mk3-compact-midi-keyboard",
		"permalink": "http:\/\/sales.wp\/product\/akai-mpk-mini-mk3-compact-midi-keyboard\/",
		"date_created": "2022-09-06T11:08:04",
		"date_created_gmt": "2022-09-06T11:08:04",
		"date_modified": "2022-09-06T11:08:07",
		"date_modified_gmt": "2022-09-06T11:08:07",
		"type": "simple",
		"status": "publish",
		"featured": false,
		"catalog_visibility": "visible",
		"description": "",
		"short_description": "",
		"sku": "",
		"price": "10200",
		"regular_price": "10200",
		"sale_price": "",
		"date_on_sale_from": null,
		"date_on_sale_from_gmt": null,
		"date_on_sale_to": null,
		"date_on_sale_to_gmt": null,
		"on_sale": false,
		"purchasable": true,
		"total_sales": 0,
		"virtual": false,
		"downloadable": false,
		"downloads": [],
		"download_limit": -1,
		"download_expiry": -1,
		"external_url": "",
		"button_text": "",
		"tax_status": "taxable",
		"tax_class": "",
		"manage_stock": false,
		"stock_quantity": null,
		"backorders": "no",
		"backorders_allowed": false,
		"backordered": false,
		"low_stock_amount": null,
		"sold_individually": false,
		"weight": "",
		"dimensions": {
			"length": "",
			"width": "",
			"height": ""
		},
		"shipping_required": true,
		"shipping_taxable": true,
		"shipping_class": "",
		"shipping_class_id": 0,
		"reviews_allowed": true,
		"average_rating": "0.00",
		"rating_count": 0,
		"upsell_ids": [],
		"cross_sell_ids": [],
		"parent_id": 0,
		"purchase_note": "",
		"categories": [
			{
				"id": 19,
				"name": "All",
				"slug": "all"
			},
			{
				"id": 18,
				"name": "Keyboard",
				"slug": "keyboard"
			}
		],
		"tags": [],
		"images": [
			{
				"id": 58,
				"date_created": "2022-09-06T11:02:39",
				"date_created_gmt": "2022-09-06T11:02:39",
				"date_modified": "2022-09-06T11:02:39",
				"date_modified_gmt": "2022-09-06T11:02:39",
				"src": "http:\/\/sales.wp\/wp-content\/uploads\/2022\/09\/2-2.webp",
				"name": "2",
				"alt": ""
			}
		],
		"attributes": [],
		"default_attributes": [],
		"variations": [],
		"grouped_products": [],
		"menu_order": 0,
		"price_html": "<span class=\"woocommerce-Price-amount amount\"><bdi><span class=\"woocommerce-Price-currencySymbol\">&#8377;<\/span>10,200.00<\/bdi><\/span>",
		"related_ids": [
			44,
			63,
			67,
			51,
			78
		],
		"meta_data": [],
		"stock_status": "instock",
		"has_options": false,
		"_links": {
			"self": [
				{
					"href": "http:\/\/sales.wp\/wp-json\/wc\/v3\/products\/66"
				}
			],
			"collection": [
				{
					"href": "http:\/\/sales.wp\/wp-json\/wc\/v3\/products"
				}
			]
		}
	},
	{
		"id": 65,
		"name": "Arturia Keylab Essential 49 Universal Midi Keyboard",
		"slug": "arturia-keylab-essential-49-universal-midi-keyboard",
		"permalink": "http:\/\/sales.wp\/product\/arturia-keylab-essential-49-universal-midi-keyboard\/",
		"date_created": "2022-09-06T11:06:13",
		"date_created_gmt": "2022-09-06T11:06:13",
		"date_modified": "2022-09-06T11:06:16",
		"date_modified_gmt": "2022-09-06T11:06:16",
		"type": "simple",
		"status": "publish",
		"featured": false,
		"catalog_visibility": "visible",
		"description": "",
		"short_description": "",
		"sku": "",
		"price": "21589",
		"regular_price": "21589",
		"sale_price": "",
		"date_on_sale_from": null,
		"date_on_sale_from_gmt": null,
		"date_on_sale_to": null,
		"date_on_sale_to_gmt": null,
		"on_sale": false,
		"purchasable": true,
		"total_sales": 0,
		"virtual": false,
		"downloadable": false,
		"downloads": [],
		"download_limit": -1,
		"download_expiry": -1,
		"external_url": "",
		"button_text": "",
		"tax_status": "taxable",
		"tax_class": "",
		"manage_stock": false,
		"stock_quantity": null,
		"backorders": "no",
		"backorders_allowed": false,
		"backordered": false,
		"low_stock_amount": null,
		"sold_individually": false,
		"weight": "",
		"dimensions": {
			"length": "",
			"width": "",
			"height": ""
		},
		"shipping_required": true,
		"shipping_taxable": true,
		"shipping_class": "",
		"shipping_class_id": 0,
		"reviews_allowed": true,
		"average_rating": "0.00",
		"rating_count": 0,
		"upsell_ids": [],
		"cross_sell_ids": [],
		"parent_id": 0,
		"purchase_note": "",
		"categories": [
			{
				"id": 19,
				"name": "All",
				"slug": "all"
			},
			{
				"id": 18,
				"name": "Keyboard",
				"slug": "keyboard"
			}
		],
		"tags": [],
		"images": [
			{
				"id": 59,
				"date_created": "2022-09-06T11:02:41",
				"date_created_gmt": "2022-09-06T11:02:41",
				"date_modified": "2022-09-06T11:02:41",
				"date_modified_gmt": "2022-09-06T11:02:41",
				"src": "http:\/\/sales.wp\/wp-content\/uploads\/2022\/09\/3-2.webp",
				"name": "3",
				"alt": ""
			}
		],
		"attributes": [],
		"default_attributes": [],
		"variations": [],
		"grouped_products": [],
		"menu_order": 0,
		"price_html": "<span class=\"woocommerce-Price-amount amount\"><bdi><span class=\"woocommerce-Price-currencySymbol\">&#8377;<\/span>21,589.00<\/bdi><\/span>",
		"related_ids": [
			56,
			68,
			53,
			64,
			52
		],
		"meta_data": [],
		"stock_status": "instock",
		"has_options": false,
		"_links": {
			"self": [
				{
					"href": "http:\/\/sales.wp\/wp-json\/wc\/v3\/products\/65"
				}
			],
			"collection": [
				{
					"href": "http:\/\/sales.wp\/wp-json\/wc\/v3\/products"
				}
			]
		}
	},
	{
		"id": 64,
		"name": "Nektar Impact LX49+ 49-key Midi Keyboard",
		"slug": "nektar-impact-lx49-49-key-midi-keyboard",
		"permalink": "http:\/\/sales.wp\/product\/nektar-impact-lx49-49-key-midi-keyboard\/",
		"date_created": "2022-09-06T11:05:25",
		"date_created_gmt": "2022-09-06T11:05:25",
		"date_modified": "2022-09-06T11:05:29",
		"date_modified_gmt": "2022-09-06T11:05:29",
		"type": "simple",
		"status": "publish",
		"featured": false,
		"catalog_visibility": "visible",
		"description": "",
		"short_description": "",
		"sku": "",
		"price": "17999",
		"regular_price": "17999",
		"sale_price": "",
		"date_on_sale_from": null,
		"date_on_sale_from_gmt": null,
		"date_on_sale_to": null,
		"date_on_sale_to_gmt": null,
		"on_sale": false,
		"purchasable": true,
		"total_sales": 0,
		"virtual": false,
		"downloadable": false,
		"downloads": [],
		"download_limit": -1,
		"download_expiry": -1,
		"external_url": "",
		"button_text": "",
		"tax_status": "taxable",
		"tax_class": "",
		"manage_stock": false,
		"stock_quantity": null,
		"backorders": "no",
		"backorders_allowed": false,
		"backordered": false,
		"low_stock_amount": null,
		"sold_individually": false,
		"weight": "",
		"dimensions": {
			"length": "",
			"width": "",
			"height": ""
		},
		"shipping_required": true,
		"shipping_taxable": true,
		"shipping_class": "",
		"shipping_class_id": 0,
		"reviews_allowed": true,
		"average_rating": "0.00",
		"rating_count": 0,
		"upsell_ids": [],
		"cross_sell_ids": [],
		"parent_id": 0,
		"purchase_note": "",
		"categories": [
			{
				"id": 19,
				"name": "All",
				"slug": "all"
			},
			{
				"id": 18,
				"name": "Keyboard",
				"slug": "keyboard"
			}
		],
		"tags": [],
		"images": [
			{
				"id": 60,
				"date_created": "2022-09-06T11:02:43",
				"date_created_gmt": "2022-09-06T11:02:43",
				"date_modified": "2022-09-06T11:02:43",
				"date_modified_gmt": "2022-09-06T11:02:43",
				"src": "http:\/\/sales.wp\/wp-content\/uploads\/2022\/09\/4-2.webp",
				"name": "4",
				"alt": ""
			}
		],
		"attributes": [],
		"default_attributes": [],
		"variations": [],
		"grouped_products": [],
		"menu_order": 0,
		"price_html": "<span class=\"woocommerce-Price-amount amount\"><bdi><span class=\"woocommerce-Price-currencySymbol\">&#8377;<\/span>17,999.00<\/bdi><\/span>",
		"related_ids": [
			54,
			65,
			77,
			44,
			38
		],
		"meta_data": [],
		"stock_status": "instock",
		"has_options": false,
		"_links": {
			"self": [
				{
					"href": "http:\/\/sales.wp\/wp-json\/wc\/v3\/products\/64"
				}
			],
			"collection": [
				{
					"href": "http:\/\/sales.wp\/wp-json\/wc\/v3\/products"
				}
			]
		}
	}
]